Compound,averaffseed,aveRaffbudspec,aveinfectedILO,aveUNinfectedILO,aveuninfecraffspec-stemleaf,avenonhostILO
12-Hydroxyoctadecanoic acid,6130749.25,4823.5625,1594.0277777777778,4312.3,77116.75,0.0
isovitexin,0.0,0.0,0.0,1288.8,5866339.0,1085.5
Citric acid,90921.16666666667,2280515.7916666665,580676.5,235540.56666666665,326033.5,445319.9166666667
(-)-Catechin gallate,137762.5,2652210.625,822.2037037037036,0.0,0.0,641.6666666666666
Procyanidin B2,3147.5,134732.64285714287,414218.8412698413,820628.4,4539.357142857143,1297704.357142857
3-Oxooctadecanoic acid,2393075.0,11659.1875,2171.611111111111,4031.55,8983.75,1214.5
ellagic acid,210676.0,1870011.0,5234.222222222223,0.0,0.0,229.25
Daucic acid,2679.5,129157.125,398835.1666666667,310101.4,638594.5,251432.75
Epicatechin,87243.33333333333,182347.13541666666,199599.75925925924,398510.94999999995,12925.416666666666,720814.9375
2-Hydroxyhexadecanoic acid,1227596.75,154231.0625,81871.43055555556,90475.825,6096.75,32970.0
Phenethyl 6-galloylglucoside,8122.583333333333,24451.4375,5589.666666666667,9507.233333333334,959665.6666666666,214411.5
3-(4-Hydroxy-3-methoxyphenyl)propionic acid,1201688.0,0.0,504.55555555555554,388.7,0.0,5.5
L-Malic acid,961.5,662935.125,223059.63888888888,168462.75,36438.25,56378.375
Oleic acid,885819.6666666666,27921.0,5337.777777777778,13666.4,28053.0,25453.583333333332
"cis-9,10-Epoxystearic acid",935225.8333333334,9309.291666666666,2527.0740740740744,6313.733333333334,4553.333333333333,179.875
Hamamelitannin,4826.75,762269.421875,46.50694444444445,0.0,0.0,0.0
Linoleic acid,357585.5,79634.3125,64486.083333333336,62231.299999999996,111190.0,61122.625
Kaempferol 3-rungioside,261.3333333333333,48689.458333333336,37255.055555555555,29627.400000000005,572618.0,9506.666666666666
alpha-linolenic acid,69679.83333333333,20961.541666666668,36993.90740740741,46677.06666666667,370300.5,61583.166666666664
Ethyl (S)-3-hydroxybutyrate glucoside,308127.25,235856.0,2265.5,3084.15,12583.5,7976.25
