Compound,summed_group_means
12-Hydroxyoctadecanoic acid,6218595.890277778
isovitexin,5868713.3
Citric acid,3959007.441666666
(-)-Catechin gallate,2791436.9953703703
Procyanidin B2,2674971.098412698
3-Oxooctadecanoic acid,2421135.598611111
ellagic acid,2086150.4722222222
Daucic acid,1730800.441666667
Epicatechin,1601441.5321759258
2-Hydroxyhexadecanoic acid,1593241.8180555555
Phenethyl 6-galloylglucoside,1221748.0875
3-(4-Hydroxy-3-methoxyphenyl)propionic acid,1202586.7555555555
L-Malic acid,1148235.638888889
Oleic acid,986251.4277777778
"cis-9,10-Epoxystearic acid",958109.1407407407
Hamamelitannin,767142.6788194445
Linoleic acid,736249.8208333333
Kaempferol 3-rungioside,697957.9138888889
alpha-linolenic acid,606196.0157407407
Ethyl (S)-3-hydroxybutyrate glucoside,569892.65
Isolimonic acid,553278.5472222222
Cinnamtannin II,526674.6305555556
"4-Hydroxy-5-(3',4',5'-trihydroxyphenyl)-valeric acid-O-methyl-O-glucuronide",524885.2203703704
naringenin-7-O-glucoside,523086.04583333334
Hesperetin 7-glucoside,519195.37361111114
Lupiwighteone hydrate 7-glucoside,506899.59722222225
Sativic acid,489993.80833333335
Procyanidin trimer C1,489646.5774074074
Ascorbalamic acid,446674.6111111111
PANTOTHENIC ACID,436900.35833333334
