,infectedILO,UNinfectedILO,uninfecraffspec-stemleaf,nonhostILO
Cinnamtannin III,-0.7181296828882467,0.7323305155531262,-1.2211599170819563,1.2069590844170768
Cinnamtannin II,-0.4629455620355629,0.5256896085554923,-1.3556385059517042,1.2928944594317746
Procyanidin B2,-0.4588795613894245,0.38860844983143294,-1.3131863654065314,1.3834574769645231
Cinnamtannin A2,-0.49335100973976426,0.22389117276581952,-1.2199237682675592,1.4893836052415035
Procyanidin trimer C1,-0.7311214360963884,0.24945731444002217,-1.041203884632635,1.5228680062890012
"3,4-Dimethoxyphenyl ?-D-glucoside",-0.7024100262506379,-0.007128774296294152,-0.9209356363354714,1.6304744368824036
2-Methylcitric acid,-0.6046630082062526,-0.4992657491226368,-0.6261245415005666,1.7300532988294561
2-trans-O-Feruloylglucaric acid,-0.6347116512382251,-0.5542696158517506,-0.54197055936495,1.7309518264549255
Procyanidin C1,-0.708946876256724,-0.21550278434575426,-0.7673379556294028,1.691787616231881
Gibberellin A105,-0.6445387915926543,-0.18637336817074013,-0.8503691855375946,1.681281345300989
Oleanolic acid,-0.6580624885500846,-0.24744959808145991,-0.7913794774484826,1.6968915640800268
Ferulic acid,-0.352088921945048,-0.783202798331388,-0.5765095319885124,1.711801252264948
5-Hydroxy-6-methoxycoumarin 7-glucoside,-0.6975856470729476,-0.6372446483493164,-0.3852974351811383,1.720127730603402
Caffeic acid 3-O-glucuronide,-0.609983249103928,-0.5362034428406341,-0.5852533934160287,1.7314400853605907
Galactaric acid,-0.6048698052849388,-0.5402987758672424,-0.5864032442623712,1.7315718254145525
3'-O-methyl-(-)-epicatechin,-0.5781491403297917,-0.5717653753963546,-0.5821244657621295,1.7320389814882757
Isolimonic acid,-0.577975482879555,-0.5775970536982502,-0.5764780084481915,1.7320505450259969
Phenethyl 6-galloylglucoside,-0.7448320733865637,-0.7348290195942897,1.691290745178769,-0.211629652197916
alpha-Linolenic acid,-0.6580167491903823,-0.5886800266347573,1.7286409642469593,-0.48194418842181996
Apigenin 7-O-Glucoside,-0.5759226937349468,-0.577612905874818,1.7320500579618232,-0.5785144583520587
trans-o-Coumaric acid 2-glucoside,-0.6051709109978513,-0.565224027509778,1.7317963117365545,-0.5614013732289255
isovitexin,-0.5778272838942748,-0.5770717040290599,1.7320507329708743,-0.5771517450475396
5-O-Feruloylquinic acid,-0.5294808955944781,-0.5602049790761988,1.7306154091633672,-0.6409295344926904
Kaempferol 3-rungioside,-0.5270969987122506,-0.5592619562384911,1.730467759391772,-0.6441088044410304
Phloretin-2'-O-glucoside,-0.5214746448394247,-0.5201998473747161,1.7280889679356466,-0.6864144757215058
naringenin-7-O-glucoside,-0.42795129017033756,-0.6010504484695804,1.7240821527759473,-0.6950804141360295
2-Hydroxyhexadecanoic acid,0.8342906854353472,1.081674504507377,-1.3442972426087574,-0.5716679473339673
trans-Ferulic acid,1.226710469270993,0.7401722439433085,-1.0641032128535914,-0.9027795003607095
Daucic acid,-0.006138907635832947,-0.6075254334448478,1.6188122008330459,-1.0051478597523649
L-Malic acid,1.3166136091606957,0.6117046834459628,-1.092884174216303,-0.8354341183903556
Citric acid,1.418163827121897,-1.2450691958866977,-0.5467826799779459,0.3736880487427462
eriodictyol-7-O-glucoside,1.6383522516329898,-0.06017898612695214,-0.6062411225280611,-0.9719321429779759
(-)-epicatechin-3'-O-glucuronide,1.6462630572512127,-0.04990341408456659,-0.8792524446660394,-0.7171071985006066
