Feature_Label,Name,RT,CAM_log2FC,CAM_p,CAM_q,ILO_log2FC,ILO_p,ILO_q,min_p,natural_product
9.85 min | epigallocatechin,epigallocatechin,9.85,11.469235062545433,0.19351621800476218,0.6984550572781879,1.8254074605568327,0.0019641485696336425,0.5520507739964242,0.0019641485696336425,True
12.06 min | epigallocatechin,epigallocatechin,12.06,10.706899727700828,0.004691304439716148,0.5629295164231541,2.415772656360421,0.12357830821835737,0.5520507739964242,0.004691304439716148,True
14.22 min | 2-trans-O-Feruloylglucaric acid,2-trans-O-Feruloylglucaric acid,14.22,7.485829308701905,0.005357122684369459,0.5629295164231541,12.246691704586507,0.18650494380239915,0.5520507739964242,0.005357122684369459,True
19.38 min | Molludistin 2''-rhamnoside,Molludistin 2''-rhamnoside,19.38,11.374496145691516,0.00575676642068967,0.5629295164231541,5.7401909909567665,0.16777561042151676,0.5520507739964242,0.00575676642068967,True
10.7 min | Epicatechin-(4beta->8)-gallocatechin,Epicatechin-(4beta->8)-gallocatechin,10.7,7.154485766024209,0.2090584433621888,0.6984550572781879,2.0570509911490893,0.005929916351025281,0.5520507739964242,0.005929916351025281,True
"9.56 min | (1RS,2RS)-Guaiacylglycerol 1-glucoside","(1RS,2RS)-Guaiacylglycerol 1-glucoside",9.56,3.921981685521706,0.007084311619744533,0.5971352506154806,1.7446754384563092,0.3453691989678031,0.5741549006295235,0.007084311619744533,True
10.73 min | 8-Hydroxyluteolin 4'-methyl ether 8-glucoside-3'-sulfate,8-Hydroxyluteolin 4'-methyl ether 8-glucoside-3'-sulfate,10.73,9.938109326219239,0.008769207503147435,0.6002522535904419,1.515060487491,0.5570370697799157,0.702567631609004,0.008769207503147435,True
13.29 min | Epicatechin-(4beta->8)-gallocatechin,Epicatechin-(4beta->8)-gallocatechin,13.29,5.9150464692074305,0.02906985942913169,0.667126772391967,1.3240398275218883,0.010570808723742442,0.5520507739964242,0.010570808723742442,True
14.23 min | Corchoionol C 9-glucoside,Corchoionol C 9-glucoside,14.23,2.4977676974735026,0.28118104045722747,0.6984550572781879,1.1706505504673255,0.011359366760451628,0.5520507739964242,0.011359366760451628,True
