,PC1,PC2,PC3,Group
sapbud,20.684460340535406,-22.38068724182409,-3.14074831303337,sapbud
sapbud.1,21.33565215312349,-22.64956861363955,-3.1620658968381985,sapbud
sapbud.2,17.87142901494979,-22.598769444664406,-1.4267183863749193,sapbud
sapbud.3,17.705318334458045,-22.04172310741721,-1.403157224343643,sapbud
infectedTHAI,-1.1958644747658966,-4.777313884490185,-4.853354324576645,infectedTHAI
infectedTHAI.1,-1.9440902401019562,-3.9123221572560984,-4.015805708972074,infectedTHAI
infectedTHAI.2,-4.202207351687557,-3.2618334480991673,-6.973130232529033,infectedTHAI
infectedTHAI.3,-4.6101223544708505,-2.9668758943754145,-6.636559922783515,infectedTHAI
UNinfectedTHAI,-0.6732553219148126,1.6403073163474569,3.9893695863828555,UNinfectedTHAI
UNinfectedTHAI.1,-0.4565693706757285,1.4485638001999401,4.545735119798987,UNinfectedTHAI
UNinfectedTHAI.2,-1.604323026600691,-2.9470963713511016,-4.035982615470463,UNinfectedTHAI
UNinfectedTHAI.3,-2.0957660023259486,-2.985057914756831,-4.054125675465454,UNinfectedTHAI
Raffbudlag,26.02325613582337,-24.796496486588815,-2.6210700629924273,Raffbudlag
Raffbudlag.1,26.190977428355005,-24.647801502728726,-2.014345529033113,Raffbudlag
Raffbudlag.2,15.6868220292592,-13.096459682171828,-2.4305723797741354,Raffbudlag
Raffbudlag.3,17.007714941657564,-14.74827981235492,-2.956248263563115,Raffbudlag
infectedCAM,-9.695650841445842,0.4419576445902559,-5.560924463200829,infectedCAM
infectedCAM.1,-9.833674854485693,0.4121628302407946,-5.338848293998543,infectedCAM
infectedCAM.2,-9.149422854718718,0.837529022986363,-4.63531272579465,infectedCAM
infectedCAM.3,-9.30555932558953,1.1244488246684077,-4.435624714947434,infectedCAM
UNinfectedCAM,-6.364891713511108,0.08467664718212212,-4.524290204791075,UNinfectedCAM
UNinfectedCAM.1,-6.412696990947073,0.024077815351319625,-4.651625308049522,UNinfectedCAM
UNinfectedCAM.2,-3.0512704244597266,-0.33935242023466605,-1.6297165906466191,UNinfectedCAM
UNinfectedCAM.3,-3.5297788771450556,-0.27992806811312426,-1.8147090972208988,UNinfectedCAM
NonhostCAM,-2.7253197448799895,1.0542181947480191,12.103888639059841,NonhostCAM
NonhostCAM.1,-2.705670968318791,0.9840061698798176,12.866240786761269,NonhostCAM
NonhostCAM.2,-4.045816123020883,2.0589060292261685,18.248036600556752,NonhostCAM
NonhostCAM.3,-3.693710908768697,2.330398674835679,18.192876838003674,NonhostCAM
raffseed,39.16265974919026,54.116866609192755,-8.47899520487909,raffseed
raffseed.1,40.52571192446384,56.19986245262853,-8.122319350243366,raffseed
raffseed.2,27.85187377458979,39.76791062638678,-7.32507559548574,raffseed
raffseed.3,29.195105186509252,42.13895825088166,-7.322423929246372,raffseed
Raffbudspec,1.1915343156584095,-3.502403912614976,-5.960920232262904,Raffbudspec
Raffbudspec.1,1.2141467934997563,-3.4382483734169993,-5.883874961464625,Raffbudspec
Raffbudspec.2,12.101799635409334,-11.980525169138808,-5.256541853537947,Raffbudspec
Raffbudspec.3,12.783463035518373,-12.113594120081286,-4.985823687241709,Raffbudspec
Raffbudspec.4,19.738451413095813,-15.41478530428277,-2.29334354368567,Raffbudspec
Raffbudspec.5,19.664634025498728,-15.63781482408457,-2.1866045005950614,Raffbudspec
Raffbudspec.6,16.54133941764508,-14.411093405640953,-2.2317174305726137,Raffbudspec
Raffbudspec.7,16.607880753675097,-14.543911217647459,-2.4269636480744268,Raffbudspec
Raffbudspec.8,16.29955796370424,-9.929079431586842,-3.019000480088703,Raffbudspec
Raffbudspec.9,16.478369408044603,-10.10598341173134,-2.6501528562075802,Raffbudspec
Raffbudspec.10,5.400400740644409,-4.127785935104321,-3.2439635497498025,Raffbudspec
Raffbudspec.11,5.961235154046407,-4.421832007165556,-3.0887846395422867,Raffbudspec
Raffbudspec.12,-0.05151767794275446,-2.791735314329166,-2.868512457006145,Raffbudspec
Raffbudspec.13,-0.15091032633915824,-2.6968702968364853,-2.7935486510832277,Raffbudspec
Raffbudspec.14,18.195191233594493,-13.822214195994556,-1.9478266131757482,Raffbudspec
Raffbudspec.15,18.440954710808395,-13.76897925152537,-1.9309525879488765,Raffbudspec
infectedILO,0.2773623725313548,-2.6537962641895345,-6.148938009144066,infectedILO
infectedILO.1,0.27261523809713417,-1.6631931211191113,-5.26647906751393,infectedILO
infectedILO.2,-6.866381875749529,-0.4897719432772674,-6.3466261303044,infectedILO
infectedILO.3,-7.483147364461137,-0.43655834289836487,-6.40080841825917,infectedILO
infectedILO.4,-6.186003656679247,1.0161445685117723,-4.3670329464869875,infectedILO
infectedILO.5,-6.6169590756255205,1.1471730880323727,-4.558365787563253,infectedILO
infectedILO.6,-0.46361876504132077,-0.12008776816103811,-3.7703723364619313,infectedILO
infectedILO.7,-0.4892865136018332,-0.08196342298883437,-3.708506130792831,infectedILO
infectedILO.8,-1.6533985776834013,0.6908430321760591,-4.273518279004114,infectedILO
infectedILO.9,-1.2080447535580079,0.7216380844364447,-4.196032342643582,infectedILO
infectedILO.10,-11.632951243345929,2.2845405177728817,-5.994129594964452,infectedILO
infectedILO.11,-11.770524163991762,2.241084755388802,-5.994911634557352,infectedILO
infectedILO.12,-2.3543387292540103,1.0951529471201062,-4.279314201584496,infectedILO
infectedILO.13,-1.9163725509794851,1.0190700829344301,-4.409083861113557,infectedILO
infectedILO.14,-9.394107770433644,1.9062850600430703,-5.188735664978848,infectedILO
infectedILO.15,-9.441372747303344,1.7880941454284192,-4.98004509951274,infectedILO
infectedILO.16,-0.8509989918054238,0.746112497498299,-3.6956285664447677,infectedILO
infectedILO.17,-1.1165056925941101,1.326572993576407,-3.3939946000027246,infectedILO
UNinfectedILO,-8.439828677542415,-0.19813784076651383,-4.777413050308187,UNinfectedILO
UNinfectedILO.1,-8.175253346984753,-0.10137573236582371,-4.776123254466784,UNinfectedILO
UNinfectedILO.2,-7.312866809527786,0.32513898896650956,-3.172747968269048,UNinfectedILO
UNinfectedILO.3,-7.552873270392467,0.3823415271660779,-2.8755568191526266,UNinfectedILO
UNinfectedILO.4,-10.443289134443967,0.5433193598250514,-5.855310314154163,UNinfectedILO
UNinfectedILO.5,-10.319228620889666,0.2871705411191103,-6.076958410904689,UNinfectedILO
UNinfectedILO.6,-20.608949399764448,2.694508177437633,-7.51625999543428,UNinfectedILO
UNinfectedILO.7,-20.88568637291244,2.2459910064862663,-7.853501878511672,UNinfectedILO
UNinfectedILO.8,-0.3792165226319173,-0.3567713102289916,-4.115194092460993,UNinfectedILO
UNinfectedILO.9,-0.730766603152923,0.06211163509395803,-4.188861319947422,UNinfectedILO
UNinfectedILO.10,-2.5068347076763735,0.9626956525912727,-4.519275870187184,UNinfectedILO
UNinfectedILO.11,-2.952675516437607,1.0788371265622634,-4.461125033249136,UNinfectedILO
UNinfectedILO.12,-15.229520609165569,2.7131740370489514,-5.5093223604720905,UNinfectedILO
UNinfectedILO.13,-14.805774313097436,2.188461865872834,-5.81936374630133,UNinfectedILO
UNinfectedILO.14,-2.9147844050318787,2.764456745514821,-3.62000565430857,UNinfectedILO
UNinfectedILO.15,-3.0330108831986444,2.7997175795073606,-3.6378726989362846,UNinfectedILO
UNinfectedILO.16,-11.55373946033892,3.216736278353914,-6.204798038972683,UNinfectedILO
UNinfectedILO.17,-12.016383528808783,3.357344820696335,-6.535163848598399,UNinfectedILO
UNinfectedILO.18,-13.422371899313084,3.315649330364041,-6.699768297812918,UNinfectedILO
UNinfectedILO.19,-13.382467803235002,3.181342412966945,-6.359350924307851,UNinfectedILO
uninfecraffspec-stemleaf,0.1716298744709228,2.5882080188806973,-1.413223605140644,uninfecraffspec-stemleaf
uninfecraffspec-stemleaf.1,0.09277129883494531,2.5783230113767632,-1.1880683695239063,uninfecraffspec-stemleaf
uninfecraffspec-stemleaf.2,-0.6316672798277007,2.9801489518818665,0.5215056103580964,uninfecraffspec-stemleaf
uninfecraffspec-stemleaf.3,-0.4370342664102379,3.487951157414176,0.796795872341801,uninfecraffspec-stemleaf
nonhostILO,-11.664042873602398,5.908122104387505,-1.0563618915549187,nonhostILO
nonhostILO.1,-11.424148606332126,6.01506847287653,-0.8444982261463212,nonhostILO
nonhostILO.2,-18.155109289862686,1.941626537504646,-6.6034972053238405,nonhostILO
nonhostILO.3,-17.51607903011681,1.918482847113019,-6.402248178449721,nonhostILO
nonhostILO.4,-18.228929734966623,3.1949608482961804,-6.2482735249265655,nonhostILO
nonhostILO.5,-17.543561144755255,3.13013572325117,-6.4106911123878545,nonhostILO
nonhostILO.6,-9.866046269347692,5.097071641346216,-0.2958381650125052,nonhostILO
nonhostILO.7,-9.927146354613308,5.295105779843759,-0.42747852784611723,nonhostILO
Ampelopsis,-0.5462771973199485,3.08294531018363,0.12941559925359722,Ampelopsis
Ampelopsis.1,-0.5534946896581002,3.3589914759809245,0.521669958968408,Ampelopsis
Ampelopsis.2,-0.8774553661553036,3.1508415635020945,6.187307394581653,Ampelopsis
Ampelopsis.3,-0.621039506386021,3.2534882867455024,5.985495690614366,Ampelopsis
Ampelopsis.4,-3.349161326179549,0.9495128690100781,38.19105266655246,Ampelopsis
Ampelopsis.5,-2.8245428013743012,1.3799677502909007,40.1541424814995,Ampelopsis
Ampelopsis.6,0.3639095090377766,4.287177210866273,47.72059430255286,Ampelopsis
Ampelopsis.7,-0.14378510341720718,3.6843969429342063,46.8298961902311,Ampelopsis
Ampelopsis.8,-4.404491797589996,6.107266365239203,7.45462673248765,Ampelopsis
Ampelopsis.9,-4.418501100264135,6.108206999781217,7.980597377867825,Ampelopsis
Ampelopsis.10,1.1786313457318138,5.845102004417966,12.423509834961434,Ampelopsis
Ampelopsis.11,1.0771923253314564,5.8912727073309785,13.558734064411043,Ampelopsis
Ampelopsis.12,1.9970952933682111,-2.231768789554635,28.68731016303217,Ampelopsis
Ampelopsis.13,1.7004239700444945,-1.9708768315568288,27.197405815865622,Ampelopsis
Ampelopsis.14,-0.2974383855335533,3.5733687451817198,17.050176565714796,Ampelopsis
Ampelopsis.15,0.046005413276954864,3.8664204948788146,17.43257286903567,Ampelopsis
